,filename,label
0,datasets\faces\Aon\img0.jpg,Aon
1,datasets\faces\Aon\img1.jpg,Aon
2,datasets\faces\Aon\img10.jpg,Aon
3,datasets\faces\Aon\img11.jpg,Aon
4,datasets\faces\Aon\img12.jpg,Aon
5,datasets\faces\Aon\img13.jpg,Aon
6,datasets\faces\Aon\img14.jpg,Aon
7,datasets\faces\Aon\img15.jpg,Aon
8,datasets\faces\Aon\img16.jpg,Aon
9,datasets\faces\Aon\img17.jpg,Aon
10,datasets\faces\Aon\img18.jpg,Aon
11,datasets\faces\Aon\img19.jpg,Aon
12,datasets\faces\Aon\img2.jpg,Aon
13,datasets\faces\Aon\img20.jpg,Aon
14,datasets\faces\Aon\img21.jpg,Aon
15,datasets\faces\Aon\img22.jpg,Aon
16,datasets\faces\Aon\img23.jpg,Aon
17,datasets\faces\Aon\img24.jpg,Aon
18,datasets\faces\Aon\img25.jpg,Aon
19,datasets\faces\Aon\img26.jpg,Aon
20,datasets\faces\Aon\img27.jpg,Aon
21,datasets\faces\Aon\img28.jpg,Aon
22,datasets\faces\Aon\img29.jpg,Aon
23,datasets\faces\Aon\img3.jpg,Aon
24,datasets\faces\Aon\img30.jpg,Aon
25,datasets\faces\Aon\img32.jpg,Aon
26,datasets\faces\Aon\img33.jpg,Aon
27,datasets\faces\Aon\img34.jpg,Aon
28,datasets\faces\Aon\img35.jpg,Aon
29,datasets\faces\Aon\img36.jpg,Aon
30,datasets\faces\Aon\img37.jpg,Aon
31,datasets\faces\Aon\img38.jpg,Aon
32,datasets\faces\Aon\img39.jpg,Aon
33,datasets\faces\Aon\img4.jpg,Aon
34,datasets\faces\Aon\img40.jpg,Aon
35,datasets\faces\Aon\img41.jpg,Aon
36,datasets\faces\Aon\img42.jpg,Aon
37,datasets\faces\Aon\img43.jpg,Aon
38,datasets\faces\Aon\img44.jpg,Aon
39,datasets\faces\Aon\img45.jpg,Aon
40,datasets\faces\Aon\img46.jpg,Aon
41,datasets\faces\Aon\img47.jpg,Aon
42,datasets\faces\Aon\img48.jpg,Aon
43,datasets\faces\Aon\img49.jpg,Aon
44,datasets\faces\Aon\img5.jpg,Aon
45,datasets\faces\Aon\img50.jpg,Aon
46,datasets\faces\Aon\img51.jpg,Aon
47,datasets\faces\Aon\img52.jpg,Aon
48,datasets\faces\Aon\img53.jpg,Aon
49,datasets\faces\Aon\img54.jpg,Aon
50,datasets\faces\Aon\img55.jpg,Aon
51,datasets\faces\Aon\img56.jpg,Aon
52,datasets\faces\Aon\img57.jpg,Aon
53,datasets\faces\Aon\img58.jpg,Aon
54,datasets\faces\Aon\img59.jpg,Aon
55,datasets\faces\Aon\img6.jpg,Aon
56,datasets\faces\Aon\img60.jpg,Aon
57,datasets\faces\Aon\img61.jpg,Aon
58,datasets\faces\Aon\img62.jpg,Aon
59,datasets\faces\Aon\img64.jpg,Aon
60,datasets\faces\Aon\img66.jpg,Aon
61,datasets\faces\Aon\img67.jpg,Aon
62,datasets\faces\Aon\img68.jpg,Aon
63,datasets\faces\Aon\img69.jpg,Aon
64,datasets\faces\Aon\img7.jpg,Aon
65,datasets\faces\Aon\img71.jpg,Aon
66,datasets\faces\Aon\img72.jpg,Aon
67,datasets\faces\Aon\img73.jpg,Aon
68,datasets\faces\Aon\img74.jpg,Aon
69,datasets\faces\Aon\img75.jpg,Aon
70,datasets\faces\Aon\img76.jpg,Aon
71,datasets\faces\Aon\img78.jpg,Aon
72,datasets\faces\Aon\img8.jpg,Aon
73,datasets\faces\Aon\img80.jpg,Aon
74,datasets\faces\Aon\img82.jpg,Aon
75,datasets\faces\Aon\img83.jpg,Aon
76,datasets\faces\Aon\img84.jpg,Aon
77,datasets\faces\Aon\img86.jpg,Aon
78,datasets\faces\Aon\img88.jpg,Aon
79,datasets\faces\Aon\img89.jpg,Aon
80,datasets\faces\Aon\img9.jpg,Aon
81,datasets\faces\Aon\img90.jpg,Aon
82,datasets\faces\Aon\img91.jpg,Aon
83,datasets\faces\Aon\img92.jpg,Aon
84,datasets\faces\Aon\img93.jpg,Aon
85,datasets\faces\Aon\img94.jpg,Aon
86,datasets\faces\Aon\img95.jpg,Aon
87,datasets\faces\Aon\img96.jpg,Aon
88,datasets\faces\Aon\img97.jpg,Aon
89,datasets\faces\Aon\img98.jpg,Aon
90,datasets\faces\Aon\img99.jpg,Aon
91,datasets\faces\First\img0.jpg,First
92,datasets\faces\First\img1.jpg,First
93,datasets\faces\First\img10.jpg,First
94,datasets\faces\First\img11.jpg,First
95,datasets\faces\First\img12.jpg,First
96,datasets\faces\First\img13.jpg,First
97,datasets\faces\First\img14.jpg,First
98,datasets\faces\First\img15.jpg,First
99,datasets\faces\First\img16.jpg,First
100,datasets\faces\First\img17.jpg,First
101,datasets\faces\First\img18.jpg,First
102,datasets\faces\First\img19.jpg,First
103,datasets\faces\First\img2.jpg,First
104,datasets\faces\First\img20.jpg,First
105,datasets\faces\First\img21.jpg,First
106,datasets\faces\First\img22.jpg,First
107,datasets\faces\First\img23.jpg,First
108,datasets\faces\First\img24.jpg,First
109,datasets\faces\First\img25.jpg,First
110,datasets\faces\First\img26.jpg,First
111,datasets\faces\First\img27.jpg,First
112,datasets\faces\First\img28.jpg,First
113,datasets\faces\First\img29.jpg,First
114,datasets\faces\First\img3.jpg,First
115,datasets\faces\First\img30.jpg,First
116,datasets\faces\First\img31.jpg,First
117,datasets\faces\First\img32.jpg,First
118,datasets\faces\First\img33.jpg,First
119,datasets\faces\First\img34.jpg,First
120,datasets\faces\First\img35.jpg,First
121,datasets\faces\First\img36.jpg,First
122,datasets\faces\First\img37.jpg,First
123,datasets\faces\First\img38.jpg,First
124,datasets\faces\First\img39.jpg,First
125,datasets\faces\First\img4.jpg,First
126,datasets\faces\First\img40.jpg,First
127,datasets\faces\First\img41.jpg,First
128,datasets\faces\First\img42.jpg,First
129,datasets\faces\First\img43.jpg,First
130,datasets\faces\First\img44.jpg,First
131,datasets\faces\First\img45.jpg,First
132,datasets\faces\First\img46.jpg,First
133,datasets\faces\First\img47.jpg,First
134,datasets\faces\First\img48.jpg,First
135,datasets\faces\First\img49.jpg,First
136,datasets\faces\First\img5.jpg,First
137,datasets\faces\First\img50.jpg,First
138,datasets\faces\First\img51.jpg,First
139,datasets\faces\First\img53.jpg,First
140,datasets\faces\First\img54.jpg,First
141,datasets\faces\First\img56.jpg,First
142,datasets\faces\First\img57.jpg,First
143,datasets\faces\First\img59.jpg,First
144,datasets\faces\First\img6.jpg,First
145,datasets\faces\First\img60.jpg,First
146,datasets\faces\First\img61.jpg,First
147,datasets\faces\First\img62.jpg,First
148,datasets\faces\First\img63.jpg,First
149,datasets\faces\First\img64.jpg,First
150,datasets\faces\First\img65.jpg,First
151,datasets\faces\First\img67.jpg,First
152,datasets\faces\First\img68.jpg,First
153,datasets\faces\First\img7.jpg,First
154,datasets\faces\First\img70.jpg,First
155,datasets\faces\First\img71.jpg,First
156,datasets\faces\First\img73.jpg,First
157,datasets\faces\First\img74.jpg,First
158,datasets\faces\First\img76.jpg,First
159,datasets\faces\First\img77.jpg,First
160,datasets\faces\First\img78.jpg,First
161,datasets\faces\First\img79.jpg,First
162,datasets\faces\First\img8.jpg,First
163,datasets\faces\First\img81.jpg,First
164,datasets\faces\First\img83.jpg,First
165,datasets\faces\First\img85.jpg,First
166,datasets\faces\First\img87.jpg,First
167,datasets\faces\First\img9.jpg,First
168,datasets\faces\First\img90.jpg,First
169,datasets\faces\First\img92.jpg,First
170,datasets\faces\First\img94.jpg,First
171,datasets\faces\First\img96.jpg,First
172,datasets\faces\First\img98.jpg,First
173,datasets\faces\Home\img0.jpg,Home
174,datasets\faces\Home\img1.jpg,Home
175,datasets\faces\Home\img10.jpg,Home
176,datasets\faces\Home\img11.jpg,Home
177,datasets\faces\Home\img12.jpg,Home
178,datasets\faces\Home\img13.jpg,Home
179,datasets\faces\Home\img14.jpg,Home
180,datasets\faces\Home\img15.jpg,Home
181,datasets\faces\Home\img16.jpg,Home
182,datasets\faces\Home\img17.jpg,Home
183,datasets\faces\Home\img18.jpg,Home
184,datasets\faces\Home\img19.jpg,Home
185,datasets\faces\Home\img2.jpg,Home
186,datasets\faces\Home\img20.jpg,Home
187,datasets\faces\Home\img21.jpg,Home
188,datasets\faces\Home\img22.jpg,Home
189,datasets\faces\Home\img23.jpg,Home
190,datasets\faces\Home\img24.jpg,Home
191,datasets\faces\Home\img25.jpg,Home
192,datasets\faces\Home\img26.jpg,Home
193,datasets\faces\Home\img27.jpg,Home
194,datasets\faces\Home\img28.jpg,Home
195,datasets\faces\Home\img29.jpg,Home
196,datasets\faces\Home\img3.jpg,Home
197,datasets\faces\Home\img30.jpg,Home
198,datasets\faces\Home\img31.jpg,Home
199,datasets\faces\Home\img32.jpg,Home
200,datasets\faces\Home\img33.jpg,Home
201,datasets\faces\Home\img34.jpg,Home
202,datasets\faces\Home\img35.jpg,Home
203,datasets\faces\Home\img36.jpg,Home
204,datasets\faces\Home\img37.jpg,Home
205,datasets\faces\Home\img38.jpg,Home
206,datasets\faces\Home\img39.jpg,Home
207,datasets\faces\Home\img4.jpg,Home
208,datasets\faces\Home\img40.jpg,Home
209,datasets\faces\Home\img41.jpg,Home
210,datasets\faces\Home\img42.jpg,Home
211,datasets\faces\Home\img43.jpg,Home
212,datasets\faces\Home\img44.jpg,Home
213,datasets\faces\Home\img45.jpg,Home
214,datasets\faces\Home\img46.jpg,Home
215,datasets\faces\Home\img47.jpg,Home
216,datasets\faces\Home\img48.jpg,Home
217,datasets\faces\Home\img49.jpg,Home
218,datasets\faces\Home\img5.jpg,Home
219,datasets\faces\Home\img50.jpg,Home
220,datasets\faces\Home\img51.jpg,Home
221,datasets\faces\Home\img52.jpg,Home
222,datasets\faces\Home\img53.jpg,Home
223,datasets\faces\Home\img54.jpg,Home
224,datasets\faces\Home\img55.jpg,Home
225,datasets\faces\Home\img56.jpg,Home
226,datasets\faces\Home\img57.jpg,Home
227,datasets\faces\Home\img58.jpg,Home
228,datasets\faces\Home\img59.jpg,Home
229,datasets\faces\Home\img6.jpg,Home
230,datasets\faces\Home\img60.jpg,Home
231,datasets\faces\Home\img61.jpg,Home
232,datasets\faces\Home\img62.jpg,Home
233,datasets\faces\Home\img63.jpg,Home
234,datasets\faces\Home\img64.jpg,Home
235,datasets\faces\Home\img65.jpg,Home
236,datasets\faces\Home\img66.jpg,Home
237,datasets\faces\Home\img67.jpg,Home
238,datasets\faces\Home\img68.jpg,Home
239,datasets\faces\Home\img69.jpg,Home
240,datasets\faces\Home\img7.jpg,Home
241,datasets\faces\Home\img70.jpg,Home
242,datasets\faces\Home\img71.jpg,Home
243,datasets\faces\Home\img72.jpg,Home
244,datasets\faces\Home\img73.jpg,Home
245,datasets\faces\Home\img74.jpg,Home
246,datasets\faces\Home\img75.jpg,Home
247,datasets\faces\Home\img76.jpg,Home
248,datasets\faces\Home\img77.jpg,Home
249,datasets\faces\Home\img78.jpg,Home
250,datasets\faces\Home\img79.jpg,Home
251,datasets\faces\Home\img8.jpg,Home
252,datasets\faces\Home\img80.jpg,Home
253,datasets\faces\Home\img81.jpg,Home
254,datasets\faces\Home\img82.jpg,Home
255,datasets\faces\Home\img83.jpg,Home
256,datasets\faces\Home\img84.jpg,Home
257,datasets\faces\Home\img85.jpg,Home
258,datasets\faces\Home\img86.jpg,Home
259,datasets\faces\Home\img87.jpg,Home
260,datasets\faces\Home\img88.jpg,Home
261,datasets\faces\Home\img89.jpg,Home
262,datasets\faces\Home\img9.jpg,Home
263,datasets\faces\Home\img90.jpg,Home
264,datasets\faces\Home\img91.jpg,Home
265,datasets\faces\Home\img92.jpg,Home
266,datasets\faces\Home\img93.jpg,Home
267,datasets\faces\Home\img94.jpg,Home
268,datasets\faces\Home\img95.jpg,Home
269,datasets\faces\Home\img96.jpg,Home
270,datasets\faces\Home\img97.jpg,Home
271,datasets\faces\Home\img98.jpg,Home
272,datasets\faces\Home\img99.jpg,Home
273,datasets\faces\Koy\img0.jpg,Koy
274,datasets\faces\Koy\img1.jpg,Koy
275,datasets\faces\Koy\img10.jpg,Koy
276,datasets\faces\Koy\img11.jpg,Koy
277,datasets\faces\Koy\img12.jpg,Koy
278,datasets\faces\Koy\img13.jpg,Koy
279,datasets\faces\Koy\img14.jpg,Koy
280,datasets\faces\Koy\img15.jpg,Koy
281,datasets\faces\Koy\img16.jpg,Koy
282,datasets\faces\Koy\img17.jpg,Koy
283,datasets\faces\Koy\img18.jpg,Koy
284,datasets\faces\Koy\img19.jpg,Koy
285,datasets\faces\Koy\img2.jpg,Koy
286,datasets\faces\Koy\img20.jpg,Koy
287,datasets\faces\Koy\img21.jpg,Koy
288,datasets\faces\Koy\img22.jpg,Koy
289,datasets\faces\Koy\img23.jpg,Koy
290,datasets\faces\Koy\img24.jpg,Koy
291,datasets\faces\Koy\img25.jpg,Koy
292,datasets\faces\Koy\img26.jpg,Koy
293,datasets\faces\Koy\img27.jpg,Koy
294,datasets\faces\Koy\img28.jpg,Koy
295,datasets\faces\Koy\img29.jpg,Koy
296,datasets\faces\Koy\img3.jpg,Koy
297,datasets\faces\Koy\img30.jpg,Koy
298,datasets\faces\Koy\img31.jpg,Koy
299,datasets\faces\Koy\img32.jpg,Koy
300,datasets\faces\Koy\img33.jpg,Koy
301,datasets\faces\Koy\img34.jpg,Koy
302,datasets\faces\Koy\img35.jpg,Koy
303,datasets\faces\Koy\img36.jpg,Koy
304,datasets\faces\Koy\img37.jpg,Koy
305,datasets\faces\Koy\img38.jpg,Koy
306,datasets\faces\Koy\img39.jpg,Koy
307,datasets\faces\Koy\img4.jpg,Koy
308,datasets\faces\Koy\img40.jpg,Koy
309,datasets\faces\Koy\img41.jpg,Koy
310,datasets\faces\Koy\img42.jpg,Koy
311,datasets\faces\Koy\img43.jpg,Koy
312,datasets\faces\Koy\img44.jpg,Koy
313,datasets\faces\Koy\img45.jpg,Koy
314,datasets\faces\Koy\img46.jpg,Koy
315,datasets\faces\Koy\img47.jpg,Koy
316,datasets\faces\Koy\img48.jpg,Koy
317,datasets\faces\Koy\img49.jpg,Koy
318,datasets\faces\Koy\img5.jpg,Koy
319,datasets\faces\Koy\img50.jpg,Koy
320,datasets\faces\Koy\img51.jpg,Koy
321,datasets\faces\Koy\img52.jpg,Koy
322,datasets\faces\Koy\img53.jpg,Koy
323,datasets\faces\Koy\img54.jpg,Koy
324,datasets\faces\Koy\img55.jpg,Koy
325,datasets\faces\Koy\img56.jpg,Koy
326,datasets\faces\Koy\img57.jpg,Koy
327,datasets\faces\Koy\img58.jpg,Koy
328,datasets\faces\Koy\img59.jpg,Koy
329,datasets\faces\Koy\img6.jpg,Koy
330,datasets\faces\Koy\img60.jpg,Koy
331,datasets\faces\Koy\img61.jpg,Koy
332,datasets\faces\Koy\img62.jpg,Koy
333,datasets\faces\Koy\img63.jpg,Koy
334,datasets\faces\Koy\img64.jpg,Koy
335,datasets\faces\Koy\img65.jpg,Koy
336,datasets\faces\Koy\img66.jpg,Koy
337,datasets\faces\Koy\img67.jpg,Koy
338,datasets\faces\Koy\img68.jpg,Koy
339,datasets\faces\Koy\img69.jpg,Koy
340,datasets\faces\Koy\img7.jpg,Koy
341,datasets\faces\Koy\img70.jpg,Koy
342,datasets\faces\Koy\img71.jpg,Koy
343,datasets\faces\Koy\img72.jpg,Koy
344,datasets\faces\Koy\img73.jpg,Koy
345,datasets\faces\Koy\img74.jpg,Koy
346,datasets\faces\Koy\img75.jpg,Koy
347,datasets\faces\Koy\img76.jpg,Koy
348,datasets\faces\Koy\img77.jpg,Koy
349,datasets\faces\Koy\img78.jpg,Koy
350,datasets\faces\Koy\img79.jpg,Koy
351,datasets\faces\Koy\img8.jpg,Koy
352,datasets\faces\Koy\img80.jpg,Koy
353,datasets\faces\Koy\img81.jpg,Koy
354,datasets\faces\Koy\img82.jpg,Koy
355,datasets\faces\Koy\img83.jpg,Koy
356,datasets\faces\Koy\img84.jpg,Koy
357,datasets\faces\Koy\img85.jpg,Koy
358,datasets\faces\Koy\img86.jpg,Koy
359,datasets\faces\Koy\img87.jpg,Koy
360,datasets\faces\Koy\img88.jpg,Koy
361,datasets\faces\Koy\img89.jpg,Koy
362,datasets\faces\Koy\img9.jpg,Koy
363,datasets\faces\Koy\img90.jpg,Koy
364,datasets\faces\Koy\img91.jpg,Koy
365,datasets\faces\Koy\img92.jpg,Koy
366,datasets\faces\Koy\img93.jpg,Koy
367,datasets\faces\Koy\img94.jpg,Koy
368,datasets\faces\Koy\img95.jpg,Koy
369,datasets\faces\Koy\img96.jpg,Koy
370,datasets\faces\Koy\img97.jpg,Koy
371,datasets\faces\Koy\img98.jpg,Koy
372,datasets\faces\Koy\img99.jpg,Koy
373,datasets\faces\Nick\img0.jpg,Nick
374,datasets\faces\Nick\img1.jpg,Nick
375,datasets\faces\Nick\img10.jpg,Nick
376,datasets\faces\Nick\img11.jpg,Nick
377,datasets\faces\Nick\img12.jpg,Nick
378,datasets\faces\Nick\img13.jpg,Nick
379,datasets\faces\Nick\img14.jpg,Nick
380,datasets\faces\Nick\img15.jpg,Nick
381,datasets\faces\Nick\img16.jpg,Nick
382,datasets\faces\Nick\img17.jpg,Nick
383,datasets\faces\Nick\img18.jpg,Nick
384,datasets\faces\Nick\img19.jpg,Nick
385,datasets\faces\Nick\img2.jpg,Nick
386,datasets\faces\Nick\img20.jpg,Nick
387,datasets\faces\Nick\img21.jpg,Nick
388,datasets\faces\Nick\img22.jpg,Nick
389,datasets\faces\Nick\img23.jpg,Nick
390,datasets\faces\Nick\img24.jpg,Nick
391,datasets\faces\Nick\img25.jpg,Nick
392,datasets\faces\Nick\img26.jpg,Nick
393,datasets\faces\Nick\img27.jpg,Nick
394,datasets\faces\Nick\img28.jpg,Nick
395,datasets\faces\Nick\img29.jpg,Nick
396,datasets\faces\Nick\img3.jpg,Nick
397,datasets\faces\Nick\img30.jpg,Nick
398,datasets\faces\Nick\img31.jpg,Nick
399,datasets\faces\Nick\img32.jpg,Nick
400,datasets\faces\Nick\img33.jpg,Nick
401,datasets\faces\Nick\img34.jpg,Nick
402,datasets\faces\Nick\img35.jpg,Nick
403,datasets\faces\Nick\img36.jpg,Nick
404,datasets\faces\Nick\img37.jpg,Nick
405,datasets\faces\Nick\img38.jpg,Nick
406,datasets\faces\Nick\img39.jpg,Nick
407,datasets\faces\Nick\img4.jpg,Nick
408,datasets\faces\Nick\img40.jpg,Nick
409,datasets\faces\Nick\img41.jpg,Nick
410,datasets\faces\Nick\img42.jpg,Nick
411,datasets\faces\Nick\img43.jpg,Nick
412,datasets\faces\Nick\img44.jpg,Nick
413,datasets\faces\Nick\img45.jpg,Nick
414,datasets\faces\Nick\img46.jpg,Nick
415,datasets\faces\Nick\img47.jpg,Nick
416,datasets\faces\Nick\img48.jpg,Nick
417,datasets\faces\Nick\img49.jpg,Nick
418,datasets\faces\Nick\img5.jpg,Nick
419,datasets\faces\Nick\img50.jpg,Nick
420,datasets\faces\Nick\img51.jpg,Nick
421,datasets\faces\Nick\img52.jpg,Nick
422,datasets\faces\Nick\img53.jpg,Nick
423,datasets\faces\Nick\img54.jpg,Nick
424,datasets\faces\Nick\img55.jpg,Nick
425,datasets\faces\Nick\img56.jpg,Nick
426,datasets\faces\Nick\img57.jpg,Nick
427,datasets\faces\Nick\img58.jpg,Nick
428,datasets\faces\Nick\img59.jpg,Nick
429,datasets\faces\Nick\img6.jpg,Nick
430,datasets\faces\Nick\img60.jpg,Nick
431,datasets\faces\Nick\img61.jpg,Nick
432,datasets\faces\Nick\img62.jpg,Nick
433,datasets\faces\Nick\img63.jpg,Nick
434,datasets\faces\Nick\img64.jpg,Nick
435,datasets\faces\Nick\img65.jpg,Nick
436,datasets\faces\Nick\img66.jpg,Nick
437,datasets\faces\Nick\img67.jpg,Nick
438,datasets\faces\Nick\img68.jpg,Nick
439,datasets\faces\Nick\img69.jpg,Nick
440,datasets\faces\Nick\img7.jpg,Nick
441,datasets\faces\Nick\img70.jpg,Nick
442,datasets\faces\Nick\img71.jpg,Nick
443,datasets\faces\Nick\img72.jpg,Nick
444,datasets\faces\Nick\img73.jpg,Nick
445,datasets\faces\Nick\img74.jpg,Nick
446,datasets\faces\Nick\img75.jpg,Nick
447,datasets\faces\Nick\img76.jpg,Nick
448,datasets\faces\Nick\img77.jpg,Nick
449,datasets\faces\Nick\img78.jpg,Nick
450,datasets\faces\Nick\img79.jpg,Nick
451,datasets\faces\Nick\img8.jpg,Nick
452,datasets\faces\Nick\img80.jpg,Nick
453,datasets\faces\Nick\img81.jpg,Nick
454,datasets\faces\Nick\img82.jpg,Nick
455,datasets\faces\Nick\img83.jpg,Nick
456,datasets\faces\Nick\img84.jpg,Nick
457,datasets\faces\Nick\img85.jpg,Nick
458,datasets\faces\Nick\img86.jpg,Nick
459,datasets\faces\Nick\img87.jpg,Nick
460,datasets\faces\Nick\img88.jpg,Nick
461,datasets\faces\Nick\img89.jpg,Nick
462,datasets\faces\Nick\img9.jpg,Nick
463,datasets\faces\Nick\img90.jpg,Nick
464,datasets\faces\Nick\img91.jpg,Nick
465,datasets\faces\Nick\img92.jpg,Nick
466,datasets\faces\Nick\img93.jpg,Nick
467,datasets\faces\Nick\img94.jpg,Nick
468,datasets\faces\Nick\img95.jpg,Nick
469,datasets\faces\Nick\img96.jpg,Nick
470,datasets\faces\Nick\img97.jpg,Nick
471,datasets\faces\Nick\img98.jpg,Nick
472,datasets\faces\Nick\img99.jpg,Nick
473,datasets\faces\Pu\img0.jpg,Pu
474,datasets\faces\Pu\img1.jpg,Pu
475,datasets\faces\Pu\img10.jpg,Pu
476,datasets\faces\Pu\img11.jpg,Pu
477,datasets\faces\Pu\img12.jpg,Pu
478,datasets\faces\Pu\img13.jpg,Pu
479,datasets\faces\Pu\img14.jpg,Pu
480,datasets\faces\Pu\img15.jpg,Pu
481,datasets\faces\Pu\img16.jpg,Pu
482,datasets\faces\Pu\img17.jpg,Pu
483,datasets\faces\Pu\img18.jpg,Pu
484,datasets\faces\Pu\img19.jpg,Pu
485,datasets\faces\Pu\img2.jpg,Pu
486,datasets\faces\Pu\img20.jpg,Pu
487,datasets\faces\Pu\img21.jpg,Pu
488,datasets\faces\Pu\img22.jpg,Pu
489,datasets\faces\Pu\img23.jpg,Pu
490,datasets\faces\Pu\img24.jpg,Pu
491,datasets\faces\Pu\img25.jpg,Pu
492,datasets\faces\Pu\img26.jpg,Pu
493,datasets\faces\Pu\img27.jpg,Pu
494,datasets\faces\Pu\img28.jpg,Pu
495,datasets\faces\Pu\img29.jpg,Pu
496,datasets\faces\Pu\img3.jpg,Pu
497,datasets\faces\Pu\img30.jpg,Pu
498,datasets\faces\Pu\img31.jpg,Pu
499,datasets\faces\Pu\img32.jpg,Pu
500,datasets\faces\Pu\img33.jpg,Pu
501,datasets\faces\Pu\img34.jpg,Pu
502,datasets\faces\Pu\img35.jpg,Pu
503,datasets\faces\Pu\img36.jpg,Pu
504,datasets\faces\Pu\img37.jpg,Pu
505,datasets\faces\Pu\img38.jpg,Pu
506,datasets\faces\Pu\img39.jpg,Pu
507,datasets\faces\Pu\img4.jpg,Pu
508,datasets\faces\Pu\img40.jpg,Pu
509,datasets\faces\Pu\img41.jpg,Pu
510,datasets\faces\Pu\img42.jpg,Pu
511,datasets\faces\Pu\img43.jpg,Pu
512,datasets\faces\Pu\img44.jpg,Pu
513,datasets\faces\Pu\img45.jpg,Pu
514,datasets\faces\Pu\img46.jpg,Pu
515,datasets\faces\Pu\img47.jpg,Pu
516,datasets\faces\Pu\img48.jpg,Pu
517,datasets\faces\Pu\img49.jpg,Pu
518,datasets\faces\Pu\img5.jpg,Pu
519,datasets\faces\Pu\img50.jpg,Pu
520,datasets\faces\Pu\img51.jpg,Pu
521,datasets\faces\Pu\img52.jpg,Pu
522,datasets\faces\Pu\img53.jpg,Pu
523,datasets\faces\Pu\img54.jpg,Pu
524,datasets\faces\Pu\img55.jpg,Pu
525,datasets\faces\Pu\img56.jpg,Pu
526,datasets\faces\Pu\img57.jpg,Pu
527,datasets\faces\Pu\img58.jpg,Pu
528,datasets\faces\Pu\img59.jpg,Pu
529,datasets\faces\Pu\img6.jpg,Pu
530,datasets\faces\Pu\img60.jpg,Pu
531,datasets\faces\Pu\img61.jpg,Pu
532,datasets\faces\Pu\img62.jpg,Pu
533,datasets\faces\Pu\img63.jpg,Pu
534,datasets\faces\Pu\img64.jpg,Pu
535,datasets\faces\Pu\img65.jpg,Pu
536,datasets\faces\Pu\img66.jpg,Pu
537,datasets\faces\Pu\img67.jpg,Pu
538,datasets\faces\Pu\img68.jpg,Pu
539,datasets\faces\Pu\img69.jpg,Pu
540,datasets\faces\Pu\img7.jpg,Pu
541,datasets\faces\Pu\img70.jpg,Pu
542,datasets\faces\Pu\img71.jpg,Pu
543,datasets\faces\Pu\img72.jpg,Pu
544,datasets\faces\Pu\img73.jpg,Pu
545,datasets\faces\Pu\img74.jpg,Pu
546,datasets\faces\Pu\img75.jpg,Pu
547,datasets\faces\Pu\img76.jpg,Pu
548,datasets\faces\Pu\img77.jpg,Pu
549,datasets\faces\Pu\img78.jpg,Pu
550,datasets\faces\Pu\img79.jpg,Pu
551,datasets\faces\Pu\img8.jpg,Pu
552,datasets\faces\Pu\img80.jpg,Pu
553,datasets\faces\Pu\img81.jpg,Pu
554,datasets\faces\Pu\img82.jpg,Pu
555,datasets\faces\Pu\img83.jpg,Pu
556,datasets\faces\Pu\img84.jpg,Pu
557,datasets\faces\Pu\img85.jpg,Pu
558,datasets\faces\Pu\img86.jpg,Pu
559,datasets\faces\Pu\img87.jpg,Pu
560,datasets\faces\Pu\img88.jpg,Pu
561,datasets\faces\Pu\img89.jpg,Pu
562,datasets\faces\Pu\img9.jpg,Pu
563,datasets\faces\Pu\img90.jpg,Pu
564,datasets\faces\Pu\img91.jpg,Pu
565,datasets\faces\Pu\img92.jpg,Pu
566,datasets\faces\Pu\img93.jpg,Pu
567,datasets\faces\Pu\img94.jpg,Pu
568,datasets\faces\Pu\img95.jpg,Pu
569,datasets\faces\Pu\img96.jpg,Pu
570,datasets\faces\Pu\img97.jpg,Pu
571,datasets\faces\Pu\img98.jpg,Pu
572,datasets\faces\Pu\img99.jpg,Pu
